{
  "functions": {
    "api/generate.js": {
      "maxDuration": 30
    },
    "api/health.js": {
      "maxDuration": 10
    }
  },
  "headers": [
    {
      "source": "/api/(.*)",
      "headers": [
        {
          "key": "Access-Control-Allow-Origin",
          "value": "*"
        },
        {
          "key": "Access-Control-Allow-Methods",
          "value": "GET, POST, OPTIONS"
        },
        {
          "key": "Access-Control-Allow-Headers",
          "value": "Content-Type, Authorization, x-api-key"
        }
      ]
    }
  ]
}
